[{"model": "todolist.cssnumbers", "pk": 1, "fields": {"number": 122016, "isgreen": false, "isred": false, "habits": []}}, {"model": "todolist.cssnumbers", "pk": 2, "fields": {"number": 122016, "isgreen": false, "isred": false, "habits": []}}, {"model": "todolist.cssnumbers", "pk": 3, "fields": {"number": 122016, "isgreen": false, "isred": false, "habits": []}}, {"model": "todolist.cssnumbers", "pk": 4, "fields": {"number": 1122016, "isgreen": false, "isred": false, "habits": []}}, {"model": "todolist.cssnumbers", "pk": 5, "fields": {"number": 2122016, "isgreen": false, "isred": false, "habits": []}}, {"model": "todolist.cssnumbers", "pk": 6, "fields": {"number": 3122016, "isgreen": false, "isred": false, "habits": []}}, {"model": "todolist.cssnumbers", "pk": 7, "fields": {"number": 4122016, "isgreen": false, "isred": false, "habits": []}}, {"model": "todolist.cssnumbers", "pk": 8, "fields": {"number": 5122016, "isgreen": false, "isred": false, "habits": []}}, {"model": "todolist.cssnumbers", "pk": 9, "fields": {"number": 6122016, "isgreen": false, "isred": false, "habits": []}}, {"model": "todolist.cssnumbers", "pk": 10, "fields": {"number": 7122016, "isgreen": false, "isred": true, "habits": [1]}}, {"model": "todolist.cssnumbers", "pk": 11, "fields": {"number": 8122016, "isgreen": true, "isred": false, "habits": [1]}}, {"model": "todolist.cssnumbers", "pk": 12, "fields": {"number": 9122016, "isgreen": true, "isred": false, "habits": [1]}}, {"model": "todolist.cssnumbers", "pk": 13, "fields": {"number": 10122016, "isgreen": true, "isred": false, "habits": [1]}}, {"model": "todolist.cssnumbers", "pk": 14, "fields": {"number": 11122016, "isgreen": false, "isred": false, "habits": [1]}}, {"model": "todolist.cssnumbers", "pk": 15, "fields": {"number": 12122016, "isgreen": false, "isred": false, "habits": [1]}}, {"model": "todolist.cssnumbers", "pk": 16, "fields": {"number": 13122016, "isgreen": false, "isred": false, "habits": [1]}}, {"model": "todolist.cssnumbers", "pk": 17, "fields": {"number": 14122016, "isgreen": false, "isred": false, "habits": [1]}}, {"model": "todolist.cssnumbers", "pk": 18, "fields": {"number": 15122016, "isgreen": false, "isred": false, "habits": [1]}}, {"model": "todolist.cssnumbers", "pk": 19, "fields": {"number": 16122016, "isgreen": false, "isred": false, "habits": [1]}}, {"model": "todolist.cssnumbers", "pk": 20, "fields": {"number": 17122016, "isgreen": false, "isred": false, "habits": [1]}}, {"model": "todolist.cssnumbers", "pk": 21, "fields": {"number": 18122016, "isgreen": false, "isred": false, "habits": [1]}}, {"model": "todolist.cssnumbers", "pk": 22, "fields": {"number": 19122016, "isgreen": false, "isred": false, "habits": [1]}}, {"model": "todolist.cssnumbers", "pk": 23, "fields": {"number": 20122016, "isgreen": false, "isred": false, "habits": [1]}}, {"model": "todolist.cssnumbers", "pk": 24, "fields": {"number": 21122016, "isgreen": false, "isred": false, "habits": [1]}}, {"model": "todolist.cssnumbers", "pk": 25, "fields": {"number": 22122016, "isgreen": false, "isred": false, "habits": [1]}}, {"model": "todolist.cssnumbers", "pk": 26, "fields": {"number": 23122016, "isgreen": false, "isred": false, "habits": [1]}}, {"model": "todolist.cssnumbers", "pk": 27, "fields": {"number": 24122016, "isgreen": false, "isred": false, "habits": [1]}}, {"model": "todolist.cssnumbers", "pk": 28, "fields": {"number": 25122016, "isgreen": false, "isred": false, "habits": [1]}}, {"model": "todolist.cssnumbers", "pk": 29, "fields": {"number": 26122016, "isgreen": false, "isred": false, "habits": [1]}}, {"model": "todolist.cssnumbers", "pk": 30, "fields": {"number": 27122016, "isgreen": false, "isred": false, "habits": [1]}}, {"model": "todolist.cssnumbers", "pk": 31, "fields": {"number": 28122016, "isgreen": false, "isred": false, "habits": [1]}}, {"model": "todolist.cssnumbers", "pk": 32, "fields": {"number": 29122016, "isgreen": false, "isred": false, "habits": [1]}}, {"model": "todolist.cssnumbers", "pk": 33, "fields": {"number": 30122016, "isgreen": false, "isred": false, "habits": [1]}}, {"model": "todolist.cssnumbers", "pk": 34, "fields": {"number": 31122016, "isgreen": false, "isred": false, "habits": [1]}}, {"model": "todolist.cssnumbers", "pk": 35, "fields": {"number": 122016, "isgreen": false, "isred": false, "habits": []}}, {"model": "todolist.cssnumbers", "pk": 36, "fields": {"number": 12017, "isgreen": false, "isred": false, "habits": []}}, {"model": "todolist.cssnumbers", "pk": 37, "fields": {"number": 12017, "isgreen": false, "isred": false, "habits": []}}, {"model": "todolist.cssnumbers", "pk": 38, "fields": {"number": 12017, "isgreen": false, "isred": false, "habits": []}}, {"model": "todolist.cssnumbers", "pk": 39, "fields": {"number": 12017, "isgreen": false, "isred": false, "habits": []}}, {"model": "todolist.cssnumbers", "pk": 40, "fields": {"number": 12017, "isgreen": false, "isred": false, "habits": []}}, {"model": "todolist.cssnumbers", "pk": 41, "fields": {"number": 12017, "isgreen": false, "isred": false, "habits": []}}, {"model": "todolist.cssnumbers", "pk": 42, "fields": {"number": 112017, "isgreen": false, "isred": false, "habits": [1]}}, {"model": "todolist.cssnumbers", "pk": 43, "fields": {"number": 212017, "isgreen": false, "isred": false, "habits": [1]}}, {"model": "todolist.cssnumbers", "pk": 44, "fields": {"number": 312017, "isgreen": false, "isred": false, "habits": [1]}}, {"model": "todolist.cssnumbers", "pk": 45, "fields": {"number": 412017, "isgreen": false, "isred": false, "habits": [1]}}, {"model": "todolist.cssnumbers", "pk": 46, "fields": {"number": 512017, "isgreen": false, "isred": false, "habits": [1]}}, {"model": "todolist.cssnumbers", "pk": 47, "fields": {"number": 612017, "isgreen": false, "isred": false, "habits": [1]}}, {"model": "todolist.cssnumbers", "pk": 48, "fields": {"number": 712017, "isgreen": false, "isred": false, "habits": [1]}}, {"model": "todolist.cssnumbers", "pk": 49, "fields": {"number": 812017, "isgreen": false, "isred": false, "habits": [1]}}, {"model": "todolist.cssnumbers", "pk": 50, "fields": {"number": 912017, "isgreen": false, "isred": false, "habits": [1]}}, {"model": "todolist.cssnumbers", "pk": 51, "fields": {"number": 1012017, "isgreen": false, "isred": false, "habits": [1]}}, {"model": "todolist.cssnumbers", "pk": 52, "fields": {"number": 1112017, "isgreen": false, "isred": false, "habits": [1]}}, {"model": "todolist.cssnumbers", "pk": 53, "fields": {"number": 1212017, "isgreen": false, "isred": false, "habits": [1]}}, {"model": "todolist.cssnumbers", "pk": 54, "fields": {"number": 1312017, "isgreen": false, "isred": false, "habits": [1]}}, {"model": "todolist.cssnumbers", "pk": 55, "fields": {"number": 1412017, "isgreen": false, "isred": false, "habits": [1]}}, {"model": "todolist.cssnumbers", "pk": 56, "fields": {"number": 1512017, "isgreen": false, "isred": false, "habits": [1]}}, {"model": "todolist.cssnumbers", "pk": 57, "fields": {"number": 1612017, "isgreen": false, "isred": false, "habits": [1]}}, {"model": "todolist.cssnumbers", "pk": 58, "fields": {"number": 1712017, "isgreen": false, "isred": false, "habits": [1]}}, {"model": "todolist.cssnumbers", "pk": 59, "fields": {"number": 1812017, "isgreen": false, "isred": false, "habits": [1]}}, {"model": "todolist.cssnumbers", "pk": 60, "fields": {"number": 1912017, "isgreen": false, "isred": false, "habits": [1]}}, {"model": "todolist.cssnumbers", "pk": 61, "fields": {"number": 2012017, "isgreen": false, "isred": false, "habits": [1]}}, {"model": "todolist.cssnumbers", "pk": 62, "fields": {"number": 2112017, "isgreen": false, "isred": false, "habits": [1]}}, {"model": "todolist.cssnumbers", "pk": 63, "fields": {"number": 2212017, "isgreen": false, "isred": false, "habits": [1]}}, {"model": "todolist.cssnumbers", "pk": 64, "fields": {"number": 2312017, "isgreen": false, "isred": false, "habits": [1]}}, {"model": "todolist.cssnumbers", "pk": 65, "fields": {"number": 2412017, "isgreen": false, "isred": false, "habits": [1]}}, {"model": "todolist.cssnumbers", "pk": 66, "fields": {"number": 2512017, "isgreen": false, "isred": false, "habits": [1]}}, {"model": "todolist.cssnumbers", "pk": 67, "fields": {"number": 2612017, "isgreen": false, "isred": false, "habits": [1]}}, {"model": "todolist.cssnumbers", "pk": 68, "fields": {"number": 2712017, "isgreen": false, "isred": false, "habits": [1]}}, {"model": "todolist.cssnumbers", "pk": 69, "fields": {"number": 2812017, "isgreen": false, "isred": false, "habits": [1]}}, {"model": "todolist.cssnumbers", "pk": 70, "fields": {"number": 2912017, "isgreen": false, "isred": false, "habits": [1]}}, {"model": "todolist.cssnumbers", "pk": 71, "fields": {"number": 3012017, "isgreen": false, "isred": false, "habits": [1]}}, {"model": "todolist.cssnumbers", "pk": 72, "fields": {"number": 3112017, "isgreen": false, "isred": false, "habits": [1]}}, {"model": "todolist.cssnumbers", "pk": 73, "fields": {"number": 12017, "isgreen": false, "isred": false, "habits": []}}, {"model": "todolist.cssnumbers", "pk": 74, "fields": {"number": 12017, "isgreen": false, "isred": false, "habits": []}}, {"model": "todolist.cssnumbers", "pk": 75, "fields": {"number": 12017, "isgreen": false, "isred": false, "habits": []}}, {"model": "todolist.cssnumbers", "pk": 76, "fields": {"number": 12017, "isgreen": false, "isred": false, "habits": []}}, {"model": "todolist.cssnumbers", "pk": 77, "fields": {"number": 12017, "isgreen": false, "isred": false, "habits": []}}, {"model": "todolist.cssnumbers", "pk": 78, "fields": {"number": 22017, "isgreen": false, "isred": false, "habits": []}}, {"model": "todolist.cssnumbers", "pk": 79, "fields": {"number": 22017, "isgreen": false, "isred": false, "habits": []}}, {"model": "todolist.cssnumbers", "pk": 80, "fields": {"number": 122017, "isgreen": false, "isred": false, "habits": [1]}}, {"model": "todolist.cssnumbers", "pk": 81, "fields": {"number": 222017, "isgreen": false, "isred": false, "habits": [1]}}, {"model": "todolist.cssnumbers", "pk": 82, "fields": {"number": 322017, "isgreen": false, "isred": false, "habits": [1]}}, {"model": "todolist.cssnumbers", "pk": 83, "fields": {"number": 422017, "isgreen": false, "isred": false, "habits": [1]}}, {"model": "todolist.cssnumbers", "pk": 84, "fields": {"number": 522017, "isgreen": false, "isred": false, "habits": [1]}}, {"model": "todolist.cssnumbers", "pk": 85, "fields": {"number": 622017, "isgreen": false, "isred": false, "habits": [1]}}, {"model": "todolist.cssnumbers", "pk": 86, "fields": {"number": 722017, "isgreen": false, "isred": false, "habits": [1]}}, {"model": "todolist.cssnumbers", "pk": 87, "fields": {"number": 822017, "isgreen": false, "isred": false, "habits": [1]}}, {"model": "todolist.cssnumbers", "pk": 88, "fields": {"number": 922017, "isgreen": false, "isred": false, "habits": [1]}}, {"model": "todolist.cssnumbers", "pk": 89, "fields": {"number": 1022017, "isgreen": false, "isred": false, "habits": [1]}}, {"model": "todolist.cssnumbers", "pk": 90, "fields": {"number": 1122017, "isgreen": false, "isred": false, "habits": [1]}}, {"model": "todolist.cssnumbers", "pk": 91, "fields": {"number": 1222017, "isgreen": false, "isred": false, "habits": [1]}}, {"model": "todolist.cssnumbers", "pk": 92, "fields": {"number": 1322017, "isgreen": false, "isred": false, "habits": [1]}}, {"model": "todolist.cssnumbers", "pk": 93, "fields": {"number": 1422017, "isgreen": false, "isred": false, "habits": [1]}}, {"model": "todolist.cssnumbers", "pk": 94, "fields": {"number": 1522017, "isgreen": false, "isred": false, "habits": [1]}}, {"model": "todolist.cssnumbers", "pk": 95, "fields": {"number": 1622017, "isgreen": false, "isred": false, "habits": [1]}}, {"model": "todolist.cssnumbers", "pk": 96, "fields": {"number": 1722017, "isgreen": false, "isred": false, "habits": [1]}}, {"model": "todolist.cssnumbers", "pk": 97, "fields": {"number": 1822017, "isgreen": false, "isred": false, "habits": [1]}}, {"model": "todolist.cssnumbers", "pk": 98, "fields": {"number": 1922017, "isgreen": false, "isred": false, "habits": [1]}}, {"model": "todolist.cssnumbers", "pk": 99, "fields": {"number": 2022017, "isgreen": false, "isred": false, "habits": [1]}}, {"model": "todolist.cssnumbers", "pk": 100, "fields": {"number": 2122017, "isgreen": false, "isred": false, "habits": [1]}}, {"model": "todolist.cssnumbers", "pk": 101, "fields": {"number": 2222017, "isgreen": false, "isred": false, "habits": [1]}}, {"model": "todolist.cssnumbers", "pk": 102, "fields": {"number": 2322017, "isgreen": false, "isred": false, "habits": []}}, {"model": "todolist.cssnumbers", "pk": 103, "fields": {"number": 2422017, "isgreen": false, "isred": false, "habits": []}}, {"model": "todolist.cssnumbers", "pk": 104, "fields": {"number": 2522017, "isgreen": false, "isred": false, "habits": []}}, {"model": "todolist.cssnumbers", "pk": 105, "fields": {"number": 2622017, "isgreen": false, "isred": false, "habits": []}}, {"model": "todolist.cssnumbers", "pk": 106, "fields": {"number": 2722017, "isgreen": false, "isred": false, "habits": []}}, {"model": "todolist.cssnumbers", "pk": 107, "fields": {"number": 2822017, "isgreen": false, "isred": false, "habits": []}}, {"model": "todolist.cssnumbers", "pk": 108, "fields": {"number": 22017, "isgreen": false, "isred": false, "habits": []}}, {"model": "todolist.cssnumbers", "pk": 109, "fields": {"number": 22017, "isgreen": false, "isred": false, "habits": []}}, {"model": "todolist.cssnumbers", "pk": 110, "fields": {"number": 22017, "isgreen": false, "isred": false, "habits": []}}, {"model": "todolist.cssnumbers", "pk": 111, "fields": {"number": 22017, "isgreen": false, "isred": false, "habits": []}}, {"model": "todolist.cssnumbers", "pk": 112, "fields": {"number": 22017, "isgreen": false, "isred": false, "habits": []}}, {"model": "todolist.cssnumbers", "pk": 113, "fields": {"number": 122016, "isgreen": false, "isred": false, "habits": []}}, {"model": "todolist.cssnumbers", "pk": 114, "fields": {"number": 122016, "isgreen": false, "isred": false, "habits": []}}, {"model": "todolist.cssnumbers", "pk": 115, "fields": {"number": 122016, "isgreen": false, "isred": false, "habits": []}}, {"model": "todolist.cssnumbers", "pk": 116, "fields": {"number": 1122016, "isgreen": true, "isred": false, "habits": [2]}}, {"model": "todolist.cssnumbers", "pk": 117, "fields": {"number": 2122016, "isgreen": false, "isred": false, "habits": []}}, {"model": "todolist.cssnumbers", "pk": 118, "fields": {"number": 3122016, "isgreen": false, "isred": false, "habits": []}}, {"model": "todolist.cssnumbers", "pk": 119, "fields": {"number": 4122016, "isgreen": true, "isred": false, "habits": [2]}}, {"model": "todolist.cssnumbers", "pk": 120, "fields": {"number": 5122016, "isgreen": false, "isred": false, "habits": []}}, {"model": "todolist.cssnumbers", "pk": 121, "fields": {"number": 6122016, "isgreen": true, "isred": false, "habits": [2]}}, {"model": "todolist.cssnumbers", "pk": 122, "fields": {"number": 7122016, "isgreen": false, "isred": false, "habits": []}}, {"model": "todolist.cssnumbers", "pk": 123, "fields": {"number": 8122016, "isgreen": true, "isred": false, "habits": [2]}}, {"model": "todolist.cssnumbers", "pk": 124, "fields": {"number": 9122016, "isgreen": false, "isred": false, "habits": []}}, {"model": "todolist.cssnumbers", "pk": 125, "fields": {"number": 10122016, "isgreen": false, "isred": false, "habits": []}}, {"model": "todolist.cssnumbers", "pk": 126, "fields": {"number": 11122016, "isgreen": false, "isred": true, "habits": [2]}}, {"model": "todolist.cssnumbers", "pk": 127, "fields": {"number": 12122016, "isgreen": false, "isred": false, "habits": []}}, {"model": "todolist.cssnumbers", "pk": 128, "fields": {"number": 13122016, "isgreen": false, "isred": false, "habits": [2]}}, {"model": "todolist.cssnumbers", "pk": 129, "fields": {"number": 14122016, "isgreen": false, "isred": false, "habits": []}}, {"model": "todolist.cssnumbers", "pk": 130, "fields": {"number": 15122016, "isgreen": false, "isred": false, "habits": [2]}}, {"model": "todolist.cssnumbers", "pk": 131, "fields": {"number": 16122016, "isgreen": false, "isred": false, "habits": []}}, {"model": "todolist.cssnumbers", "pk": 132, "fields": {"number": 17122016, "isgreen": false, "isred": false, "habits": []}}, {"model": "todolist.cssnumbers", "pk": 133, "fields": {"number": 18122016, "isgreen": false, "isred": false, "habits": [2]}}, {"model": "todolist.cssnumbers", "pk": 134, "fields": {"number": 19122016, "isgreen": false, "isred": false, "habits": []}}, {"model": "todolist.cssnumbers", "pk": 135, "fields": {"number": 20122016, "isgreen": false, "isred": false, "habits": [2]}}, {"model": "todolist.cssnumbers", "pk": 136, "fields": {"number": 21122016, "isgreen": false, "isred": false, "habits": []}}, {"model": "todolist.cssnumbers", "pk": 137, "fields": {"number": 22122016, "isgreen": false, "isred": false, "habits": [2]}}, {"model": "todolist.cssnumbers", "pk": 138, "fields": {"number": 23122016, "isgreen": false, "isred": false, "habits": []}}, {"model": "todolist.cssnumbers", "pk": 139, "fields": {"number": 24122016, "isgreen": false, "isred": false, "habits": []}}, {"model": "todolist.cssnumbers", "pk": 140, "fields": {"number": 25122016, "isgreen": false, "isred": false, "habits": [2]}}, {"model": "todolist.cssnumbers", "pk": 141, "fields": {"number": 26122016, "isgreen": false, "isred": false, "habits": []}}, {"model": "todolist.cssnumbers", "pk": 142, "fields": {"number": 27122016, "isgreen": false, "isred": false, "habits": [2]}}, {"model": "todolist.cssnumbers", "pk": 143, "fields": {"number": 28122016, "isgreen": false, "isred": false, "habits": []}}, {"model": "todolist.cssnumbers", "pk": 144, "fields": {"number": 29122016, "isgreen": false, "isred": false, "habits": [2]}}, {"model": "todolist.cssnumbers", "pk": 145, "fields": {"number": 30122016, "isgreen": false, "isred": false, "habits": []}}, {"model": "todolist.cssnumbers", "pk": 146, "fields": {"number": 31122016, "isgreen": false, "isred": false, "habits": []}}, {"model": "todolist.cssnumbers", "pk": 147, "fields": {"number": 122016, "isgreen": false, "isred": false, "habits": []}}, {"model": "todolist.cssnumbers", "pk": 148, "fields": {"number": 12017, "isgreen": false, "isred": false, "habits": []}}, {"model": "todolist.cssnumbers", "pk": 149, "fields": {"number": 12017, "isgreen": false, "isred": false, "habits": []}}, {"model": "todolist.cssnumbers", "pk": 150, "fields": {"number": 12017, "isgreen": false, "isred": false, "habits": []}}, {"model": "todolist.cssnumbers", "pk": 151, "fields": {"number": 12017, "isgreen": false, "isred": false, "habits": []}}, {"model": "todolist.cssnumbers", "pk": 152, "fields": {"number": 12017, "isgreen": false, "isred": false, "habits": []}}, {"model": "todolist.cssnumbers", "pk": 153, "fields": {"number": 12017, "isgreen": false, "isred": false, "habits": []}}, {"model": "todolist.cssnumbers", "pk": 154, "fields": {"number": 112017, "isgreen": false, "isred": false, "habits": [2]}}, {"model": "todolist.cssnumbers", "pk": 155, "fields": {"number": 212017, "isgreen": false, "isred": false, "habits": []}}, {"model": "todolist.cssnumbers", "pk": 156, "fields": {"number": 312017, "isgreen": false, "isred": false, "habits": [2]}}, {"model": "todolist.cssnumbers", "pk": 157, "fields": {"number": 412017, "isgreen": false, "isred": false, "habits": []}}, {"model": "todolist.cssnumbers", "pk": 158, "fields": {"number": 512017, "isgreen": false, "isred": false, "habits": [2]}}, {"model": "todolist.cssnumbers", "pk": 159, "fields": {"number": 612017, "isgreen": false, "isred": false, "habits": []}}, {"model": "todolist.cssnumbers", "pk": 160, "fields": {"number": 712017, "isgreen": false, "isred": false, "habits": []}}, {"model": "todolist.cssnumbers", "pk": 161, "fields": {"number": 812017, "isgreen": false, "isred": false, "habits": [2]}}, {"model": "todolist.cssnumbers", "pk": 162, "fields": {"number": 912017, "isgreen": false, "isred": false, "habits": []}}, {"model": "todolist.cssnumbers", "pk": 163, "fields": {"number": 1012017, "isgreen": false, "isred": false, "habits": [2]}}, {"model": "todolist.cssnumbers", "pk": 164, "fields": {"number": 1112017, "isgreen": false, "isred": false, "habits": []}}, {"model": "todolist.cssnumbers", "pk": 165, "fields": {"number": 1212017, "isgreen": false, "isred": false, "habits": [2]}}, {"model": "todolist.cssnumbers", "pk": 166, "fields": {"number": 1312017, "isgreen": false, "isred": false, "habits": []}}, {"model": "todolist.cssnumbers", "pk": 167, "fields": {"number": 1412017, "isgreen": false, "isred": false, "habits": []}}, {"model": "todolist.cssnumbers", "pk": 168, "fields": {"number": 1512017, "isgreen": false, "isred": false, "habits": [2]}}, {"model": "todolist.cssnumbers", "pk": 169, "fields": {"number": 1612017, "isgreen": false, "isred": false, "habits": []}}, {"model": "todolist.cssnumbers", "pk": 170, "fields": {"number": 1712017, "isgreen": false, "isred": false, "habits": [2]}}, {"model": "todolist.cssnumbers", "pk": 171, "fields": {"number": 1812017, "isgreen": false, "isred": false, "habits": []}}, {"model": "todolist.cssnumbers", "pk": 172, "fields": {"number": 1912017, "isgreen": false, "isred": false, "habits": [2]}}, {"model": "todolist.cssnumbers", "pk": 173, "fields": {"number": 2012017, "isgreen": false, "isred": false, "habits": []}}, {"model": "todolist.cssnumbers", "pk": 174, "fields": {"number": 2112017, "isgreen": false, "isred": false, "habits": []}}, {"model": "todolist.cssnumbers", "pk": 175, "fields": {"number": 2212017, "isgreen": false, "isred": false, "habits": [2]}}, {"model": "todolist.cssnumbers", "pk": 176, "fields": {"number": 2312017, "isgreen": false, "isred": false, "habits": []}}, {"model": "todolist.cssnumbers", "pk": 177, "fields": {"number": 2412017, "isgreen": false, "isred": false, "habits": [2]}}, {"model": "todolist.cssnumbers", "pk": 178, "fields": {"number": 2512017, "isgreen": false, "isred": false, "habits": []}}, {"model": "todolist.cssnumbers", "pk": 179, "fields": {"number": 2612017, "isgreen": false, "isred": false, "habits": [2]}}, {"model": "todolist.cssnumbers", "pk": 180, "fields": {"number": 2712017, "isgreen": false, "isred": false, "habits": []}}, {"model": "todolist.cssnumbers", "pk": 181, "fields": {"number": 2812017, "isgreen": false, "isred": false, "habits": []}}, {"model": "todolist.cssnumbers", "pk": 182, "fields": {"number": 2912017, "isgreen": false, "isred": false, "habits": [2]}}, {"model": "todolist.cssnumbers", "pk": 183, "fields": {"number": 3012017, "isgreen": false, "isred": false, "habits": []}}, {"model": "todolist.cssnumbers", "pk": 184, "fields": {"number": 3112017, "isgreen": false, "isred": false, "habits": [2]}}, {"model": "todolist.cssnumbers", "pk": 185, "fields": {"number": 12017, "isgreen": false, "isred": false, "habits": []}}, {"model": "todolist.cssnumbers", "pk": 186, "fields": {"number": 12017, "isgreen": false, "isred": false, "habits": []}}, {"model": "todolist.cssnumbers", "pk": 187, "fields": {"number": 12017, "isgreen": false, "isred": false, "habits": []}}, {"model": "todolist.cssnumbers", "pk": 188, "fields": {"number": 12017, "isgreen": false, "isred": false, "habits": []}}, {"model": "todolist.cssnumbers", "pk": 189, "fields": {"number": 12017, "isgreen": false, "isred": false, "habits": []}}, {"model": "todolist.cssnumbers", "pk": 190, "fields": {"number": 22017, "isgreen": false, "isred": false, "habits": []}}, {"model": "todolist.cssnumbers", "pk": 191, "fields": {"number": 22017, "isgreen": false, "isred": false, "habits": []}}, {"model": "todolist.cssnumbers", "pk": 192, "fields": {"number": 122017, "isgreen": false, "isred": false, "habits": []}}, {"model": "todolist.cssnumbers", "pk": 193, "fields": {"number": 222017, "isgreen": false, "isred": false, "habits": [2]}}, {"model": "todolist.cssnumbers", "pk": 194, "fields": {"number": 322017, "isgreen": false, "isred": false, "habits": []}}, {"model": "todolist.cssnumbers", "pk": 195, "fields": {"number": 422017, "isgreen": false, "isred": false, "habits": []}}, {"model": "todolist.cssnumbers", "pk": 196, "fields": {"number": 522017, "isgreen": false, "isred": false, "habits": [2]}}, {"model": "todolist.cssnumbers", "pk": 197, "fields": {"number": 622017, "isgreen": false, "isred": false, "habits": []}}, {"model": "todolist.cssnumbers", "pk": 198, "fields": {"number": 722017, "isgreen": false, "isred": false, "habits": [2]}}, {"model": "todolist.cssnumbers", "pk": 199, "fields": {"number": 822017, "isgreen": false, "isred": false, "habits": []}}, {"model": "todolist.cssnumbers", "pk": 200, "fields": {"number": 922017, "isgreen": false, "isred": false, "habits": [2]}}, {"model": "todolist.cssnumbers", "pk": 201, "fields": {"number": 1022017, "isgreen": false, "isred": false, "habits": []}}, {"model": "todolist.cssnumbers", "pk": 202, "fields": {"number": 1122017, "isgreen": false, "isred": false, "habits": []}}, {"model": "todolist.cssnumbers", "pk": 203, "fields": {"number": 1222017, "isgreen": false, "isred": false, "habits": [2]}}, {"model": "todolist.cssnumbers", "pk": 204, "fields": {"number": 1322017, "isgreen": false, "isred": false, "habits": []}}, {"model": "todolist.cssnumbers", "pk": 205, "fields": {"number": 1422017, "isgreen": false, "isred": false, "habits": [2]}}, {"model": "todolist.cssnumbers", "pk": 206, "fields": {"number": 1522017, "isgreen": false, "isred": false, "habits": []}}, {"model": "todolist.cssnumbers", "pk": 207, "fields": {"number": 1622017, "isgreen": false, "isred": false, "habits": [2]}}, {"model": "todolist.cssnumbers", "pk": 208, "fields": {"number": 1722017, "isgreen": false, "isred": false, "habits": []}}, {"model": "todolist.cssnumbers", "pk": 209, "fields": {"number": 1822017, "isgreen": false, "isred": false, "habits": []}}, {"model": "todolist.cssnumbers", "pk": 210, "fields": {"number": 1922017, "isgreen": false, "isred": false, "habits": [2]}}, {"model": "todolist.cssnumbers", "pk": 211, "fields": {"number": 2022017, "isgreen": false, "isred": false, "habits": []}}, {"model": "todolist.cssnumbers", "pk": 212, "fields": {"number": 2122017, "isgreen": false, "isred": false, "habits": [2]}}, {"model": "todolist.cssnumbers", "pk": 213, "fields": {"number": 2222017, "isgreen": false, "isred": false, "habits": []}}, {"model": "todolist.cssnumbers", "pk": 214, "fields": {"number": 2322017, "isgreen": false, "isred": false, "habits": [2]}}, {"model": "todolist.cssnumbers", "pk": 215, "fields": {"number": 2422017, "isgreen": false, "isred": false, "habits": []}}, {"model": "todolist.cssnumbers", "pk": 216, "fields": {"number": 2522017, "isgreen": false, "isred": false, "habits": []}}, {"model": "todolist.cssnumbers", "pk": 217, "fields": {"number": 2622017, "isgreen": false, "isred": false, "habits": [2]}}, {"model": "todolist.cssnumbers", "pk": 218, "fields": {"number": 2722017, "isgreen": false, "isred": false, "habits": []}}, {"model": "todolist.cssnumbers", "pk": 219, "fields": {"number": 2822017, "isgreen": false, "isred": false, "habits": [2]}}, {"model": "todolist.cssnumbers", "pk": 220, "fields": {"number": 22017, "isgreen": false, "isred": false, "habits": []}}, {"model": "todolist.cssnumbers", "pk": 221, "fields": {"number": 22017, "isgreen": false, "isred": false, "habits": []}}, {"model": "todolist.cssnumbers", "pk": 222, "fields": {"number": 22017, "isgreen": false, "isred": false, "habits": []}}, {"model": "todolist.cssnumbers", "pk": 223, "fields": {"number": 22017, "isgreen": false, "isred": false, "habits": []}}, {"model": "todolist.cssnumbers", "pk": 224, "fields": {"number": 22017, "isgreen": false, "isred": false, "habits": []}}, {"model": "todolist.cssnumbers", "pk": 225, "fields": {"number": 32017, "isgreen": false, "isred": false, "habits": []}}, {"model": "todolist.cssnumbers", "pk": 226, "fields": {"number": 32017, "isgreen": false, "isred": false, "habits": []}}, {"model": "todolist.cssnumbers", "pk": 227, "fields": {"number": 132017, "isgreen": false, "isred": false, "habits": []}}, {"model": "todolist.cssnumbers", "pk": 228, "fields": {"number": 232017, "isgreen": false, "isred": false, "habits": [2]}}, {"model": "todolist.cssnumbers", "pk": 229, "fields": {"number": 332017, "isgreen": false, "isred": false, "habits": []}}, {"model": "todolist.cssnumbers", "pk": 230, "fields": {"number": 432017, "isgreen": false, "isred": false, "habits": []}}, {"model": "todolist.cssnumbers", "pk": 231, "fields": {"number": 532017, "isgreen": false, "isred": false, "habits": [2]}}, {"model": "todolist.cssnumbers", "pk": 232, "fields": {"number": 632017, "isgreen": false, "isred": false, "habits": []}}, {"model": "todolist.cssnumbers", "pk": 233, "fields": {"number": 732017, "isgreen": false, "isred": false, "habits": [2]}}, {"model": "todolist.cssnumbers", "pk": 234, "fields": {"number": 832017, "isgreen": false, "isred": false, "habits": []}}, {"model": "todolist.cssnumbers", "pk": 235, "fields": {"number": 932017, "isgreen": false, "isred": false, "habits": [2]}}, {"model": "todolist.cssnumbers", "pk": 236, "fields": {"number": 1032017, "isgreen": false, "isred": false, "habits": []}}, {"model": "todolist.cssnumbers", "pk": 237, "fields": {"number": 1132017, "isgreen": false, "isred": false, "habits": []}}, {"model": "todolist.cssnumbers", "pk": 238, "fields": {"number": 1232017, "isgreen": false, "isred": false, "habits": [2]}}, {"model": "todolist.cssnumbers", "pk": 239, "fields": {"number": 1332017, "isgreen": false, "isred": false, "habits": []}}, {"model": "todolist.cssnumbers", "pk": 240, "fields": {"number": 1432017, "isgreen": false, "isred": false, "habits": [2]}}, {"model": "todolist.cssnumbers", "pk": 241, "fields": {"number": 1532017, "isgreen": false, "isred": false, "habits": []}}, {"model": "todolist.cssnumbers", "pk": 242, "fields": {"number": 1632017, "isgreen": false, "isred": false, "habits": [2]}}, {"model": "todolist.cssnumbers", "pk": 243, "fields": {"number": 1732017, "isgreen": false, "isred": false, "habits": []}}, {"model": "todolist.cssnumbers", "pk": 244, "fields": {"number": 1832017, "isgreen": false, "isred": false, "habits": []}}, {"model": "todolist.cssnumbers", "pk": 245, "fields": {"number": 1932017, "isgreen": false, "isred": false, "habits": [2]}}, {"model": "todolist.cssnumbers", "pk": 246, "fields": {"number": 2032017, "isgreen": false, "isred": false, "habits": []}}, {"model": "todolist.cssnumbers", "pk": 247, "fields": {"number": 2132017, "isgreen": false, "isred": false, "habits": [2]}}, {"model": "todolist.cssnumbers", "pk": 248, "fields": {"number": 2232017, "isgreen": false, "isred": false, "habits": []}}, {"model": "todolist.cssnumbers", "pk": 249, "fields": {"number": 2332017, "isgreen": false, "isred": false, "habits": [2]}}, {"model": "todolist.cssnumbers", "pk": 250, "fields": {"number": 2432017, "isgreen": false, "isred": false, "habits": []}}, {"model": "todolist.cssnumbers", "pk": 251, "fields": {"number": 2532017, "isgreen": false, "isred": false, "habits": []}}, {"model": "todolist.cssnumbers", "pk": 252, "fields": {"number": 2632017, "isgreen": false, "isred": false, "habits": [2]}}, {"model": "todolist.cssnumbers", "pk": 253, "fields": {"number": 2732017, "isgreen": false, "isred": false, "habits": []}}, {"model": "todolist.cssnumbers", "pk": 254, "fields": {"number": 2832017, "isgreen": false, "isred": false, "habits": [2]}}, {"model": "todolist.cssnumbers", "pk": 255, "fields": {"number": 2932017, "isgreen": false, "isred": false, "habits": []}}, {"model": "todolist.cssnumbers", "pk": 256, "fields": {"number": 3032017, "isgreen": false, "isred": false, "habits": [2]}}, {"model": "todolist.cssnumbers", "pk": 257, "fields": {"number": 3132017, "isgreen": false, "isred": false, "habits": []}}, {"model": "todolist.cssnumbers", "pk": 258, "fields": {"number": 32017, "isgreen": false, "isred": false, "habits": []}}, {"model": "todolist.cssnumbers", "pk": 259, "fields": {"number": 32017, "isgreen": false, "isred": false, "habits": []}}, {"model": "todolist.cssnumbers", "pk": 260, "fields": {"number": 42017, "isgreen": false, "isred": false, "habits": []}}, {"model": "todolist.cssnumbers", "pk": 261, "fields": {"number": 42017, "isgreen": false, "isred": false, "habits": []}}, {"model": "todolist.cssnumbers", "pk": 262, "fields": {"number": 42017, "isgreen": false, "isred": false, "habits": []}}, {"model": "todolist.cssnumbers", "pk": 263, "fields": {"number": 42017, "isgreen": false, "isred": false, "habits": []}}, {"model": "todolist.cssnumbers", "pk": 264, "fields": {"number": 42017, "isgreen": false, "isred": false, "habits": []}}, {"model": "todolist.cssnumbers", "pk": 265, "fields": {"number": 142017, "isgreen": false, "isred": false, "habits": []}}, {"model": "todolist.cssnumbers", "pk": 266, "fields": {"number": 242017, "isgreen": false, "isred": false, "habits": []}}, {"model": "todolist.cssnumbers", "pk": 267, "fields": {"number": 342017, "isgreen": false, "isred": false, "habits": []}}, {"model": "todolist.cssnumbers", "pk": 268, "fields": {"number": 442017, "isgreen": false, "isred": false, "habits": []}}, {"model": "todolist.cssnumbers", "pk": 269, "fields": {"number": 542017, "isgreen": false, "isred": false, "habits": []}}, {"model": "todolist.cssnumbers", "pk": 270, "fields": {"number": 642017, "isgreen": false, "isred": false, "habits": []}}, {"model": "todolist.cssnumbers", "pk": 271, "fields": {"number": 742017, "isgreen": false, "isred": false, "habits": []}}, {"model": "todolist.cssnumbers", "pk": 272, "fields": {"number": 842017, "isgreen": false, "isred": false, "habits": []}}, {"model": "todolist.cssnumbers", "pk": 273, "fields": {"number": 942017, "isgreen": false, "isred": false, "habits": []}}, {"model": "todolist.cssnumbers", "pk": 274, "fields": {"number": 1042017, "isgreen": false, "isred": false, "habits": []}}, {"model": "todolist.cssnumbers", "pk": 275, "fields": {"number": 1142017, "isgreen": false, "isred": false, "habits": []}}, {"model": "todolist.cssnumbers", "pk": 276, "fields": {"number": 1242017, "isgreen": false, "isred": false, "habits": []}}, {"model": "todolist.cssnumbers", "pk": 277, "fields": {"number": 1342017, "isgreen": false, "isred": false, "habits": []}}, {"model": "todolist.cssnumbers", "pk": 278, "fields": {"number": 1442017, "isgreen": false, "isred": false, "habits": []}}, {"model": "todolist.cssnumbers", "pk": 279, "fields": {"number": 1542017, "isgreen": false, "isred": false, "habits": []}}, {"model": "todolist.cssnumbers", "pk": 280, "fields": {"number": 1642017, "isgreen": false, "isred": false, "habits": []}}, {"model": "todolist.cssnumbers", "pk": 281, "fields": {"number": 1742017, "isgreen": false, "isred": false, "habits": []}}, {"model": "todolist.cssnumbers", "pk": 282, "fields": {"number": 1842017, "isgreen": false, "isred": false, "habits": []}}, {"model": "todolist.cssnumbers", "pk": 283, "fields": {"number": 1942017, "isgreen": false, "isred": false, "habits": []}}, {"model": "todolist.cssnumbers", "pk": 284, "fields": {"number": 2042017, "isgreen": false, "isred": false, "habits": []}}, {"model": "todolist.cssnumbers", "pk": 285, "fields": {"number": 2142017, "isgreen": false, "isred": false, "habits": []}}, {"model": "todolist.cssnumbers", "pk": 286, "fields": {"number": 2242017, "isgreen": false, "isred": false, "habits": []}}, {"model": "todolist.cssnumbers", "pk": 287, "fields": {"number": 2342017, "isgreen": false, "isred": false, "habits": []}}, {"model": "todolist.cssnumbers", "pk": 288, "fields": {"number": 2442017, "isgreen": false, "isred": false, "habits": []}}, {"model": "todolist.cssnumbers", "pk": 289, "fields": {"number": 2542017, "isgreen": false, "isred": false, "habits": []}}, {"model": "todolist.cssnumbers", "pk": 290, "fields": {"number": 2642017, "isgreen": false, "isred": false, "habits": []}}, {"model": "todolist.cssnumbers", "pk": 291, "fields": {"number": 2742017, "isgreen": false, "isred": false, "habits": []}}, {"model": "todolist.cssnumbers", "pk": 292, "fields": {"number": 2842017, "isgreen": false, "isred": false, "habits": []}}, {"model": "todolist.cssnumbers", "pk": 293, "fields": {"number": 2942017, "isgreen": false, "isred": false, "habits": []}}, {"model": "todolist.cssnumbers", "pk": 294, "fields": {"number": 3042017, "isgreen": false, "isred": false, "habits": []}}, {"model": "contenttypes.contenttype", "pk": 1, "fields": {"app_label": "todolist", "model": "grouptask"}}, {"model": "contenttypes.contenttype", "pk": 2, "fields": {"app_label": "todolist", "model": "habit"}}, {"model": "contenttypes.contenttype", "pk": 3, "fields": {"app_label": "todolist", "model": "groupinvite"}}, {"model": "contenttypes.contenttype", "pk": 4, "fields": {"app_label": "todolist", "model": "friendrequest"}}, {"model": "contenttypes.contenttype", "pk": 5, "fields": {"app_label": "todolist", "model": "extenduser"}}, {"model": "contenttypes.contenttype", "pk": 6, "fields": {"app_label": "todolist", "model": "taskp"}}, {"model": "contenttypes.contenttype", "pk": 7, "fields": {"app_label": "todolist", "model": "cssnumbers"}}, {"model": "contenttypes.contenttype", "pk": 8, "fields": {"app_label": "todolist", "model": "group"}}, {"model": "contenttypes.contenttype", "pk": 9, "fields": {"app_label": "admin", "model": "logentry"}}, {"model": "contenttypes.contenttype", "pk": 10, "fields": {"app_label": "auth", "model": "group"}}, {"model": "contenttypes.contenttype", "pk": 11, "fields": {"app_label": "auth", "model": "permission"}}, {"model": "contenttypes.contenttype", "pk": 12, "fields": {"app_label": "auth", "model": "user"}}, {"model": "contenttypes.contenttype", "pk": 13, "fields": {"app_label": "contenttypes", "model": "contenttype"}}, {"model": "contenttypes.contenttype", "pk": 14, "fields": {"app_label": "sessions", "model": "session"}}, {"model": "sessions.session", "pk": "b7l9924q66v159r034b6wy9dj50obevz", "fields": {"session_data": "NmViYzI5MmRlZTkxMmQzN2Q3ODU4Njg1OTc1OTI4MDg5NzcwMWZmMTp7Il9hdXRoX3VzZXJfaGFzaCI6ImJkODA4Nzc1MDYzMmQyZDZiYzNiMTY3ODQ0YjlmYmM1MDNmYmFlMWQiLCJfYXV0aF91c2VyX2JhY2tlbmQiOiJkamFuZ28uY29udHJpYi5hdXRoLmJhY2tlbmRzLk1vZGVsQmFja2VuZCIsIl9hdXRoX3VzZXJfaWQiOiIxIn0=", "expire_date": "2016-12-20T06:38:42.473Z"}}, {"model": "sessions.session", "pk": "goiuqjqnl6f4eu3yn23i2vps4lk4iq1l", "fields": {"session_data": "NmViYzI5MmRlZTkxMmQzN2Q3ODU4Njg1OTc1OTI4MDg5NzcwMWZmMTp7Il9hdXRoX3VzZXJfaGFzaCI6ImJkODA4Nzc1MDYzMmQyZDZiYzNiMTY3ODQ0YjlmYmM1MDNmYmFlMWQiLCJfYXV0aF91c2VyX2JhY2tlbmQiOiJkamFuZ28uY29udHJpYi5hdXRoLmJhY2tlbmRzLk1vZGVsQmFja2VuZCIsIl9hdXRoX3VzZXJfaWQiOiIxIn0=", "expire_date": "2016-12-20T07:00:10.109Z"}}, {"model": "auth.permission", "pk": 1, "fields": {"name": "Can add group task", "content_type": 1, "codename": "add_grouptask"}}, {"model": "auth.permission", "pk": 2, "fields": {"name": "Can change group task", "content_type": 1, "codename": "change_grouptask"}}, {"model": "auth.permission", "pk": 3, "fields": {"name": "Can delete group task", "content_type": 1, "codename": "delete_grouptask"}}, {"model": "auth.permission", "pk": 4, "fields": {"name": "Can add habit", "content_type": 2, "codename": "add_habit"}}, {"model": "auth.permission", "pk": 5, "fields": {"name": "Can change habit", "content_type": 2, "codename": "change_habit"}}, {"model": "auth.permission", "pk": 6, "fields": {"name": "Can delete habit", "content_type": 2, "codename": "delete_habit"}}, {"model": "auth.permission", "pk": 7, "fields": {"name": "Can add group invite", "content_type": 3, "codename": "add_groupinvite"}}, {"model": "auth.permission", "pk": 8, "fields": {"name": "Can change group invite", "content_type": 3, "codename": "change_groupinvite"}}, {"model": "auth.permission", "pk": 9, "fields": {"name": "Can delete group invite", "content_type": 3, "codename": "delete_groupinvite"}}, {"model": "auth.permission", "pk": 10, "fields": {"name": "Can add friend request", "content_type": 4, "codename": "add_friendrequest"}}, {"model": "auth.permission", "pk": 11, "fields": {"name": "Can change friend request", "content_type": 4, "codename": "change_friendrequest"}}, {"model": "auth.permission", "pk": 12, "fields": {"name": "Can delete friend request", "content_type": 4, "codename": "delete_friendrequest"}}, {"model": "auth.permission", "pk": 13, "fields": {"name": "Can add extend user", "content_type": 5, "codename": "add_extenduser"}}, {"model": "auth.permission", "pk": 14, "fields": {"name": "Can change extend user", "content_type": 5, "codename": "change_extenduser"}}, {"model": "auth.permission", "pk": 15, "fields": {"name": "Can delete extend user", "content_type": 5, "codename": "delete_extenduser"}}, {"model": "auth.permission", "pk": 16, "fields": {"name": "Can add taskp", "content_type": 6, "codename": "add_taskp"}}, {"model": "auth.permission", "pk": 17, "fields": {"name": "Can change taskp", "content_type": 6, "codename": "change_taskp"}}, {"model": "auth.permission", "pk": 18, "fields": {"name": "Can delete taskp", "content_type": 6, "codename": "delete_taskp"}}, {"model": "auth.permission", "pk": 19, "fields": {"name": "Can add cssnumbers", "content_type": 7, "codename": "add_cssnumbers"}}, {"model": "auth.permission", "pk": 20, "fields": {"name": "Can change cssnumbers", "content_type": 7, "codename": "change_cssnumbers"}}, {"model": "auth.permission", "pk": 21, "fields": {"name": "Can delete cssnumbers", "content_type": 7, "codename": "delete_cssnumbers"}}, {"model": "auth.permission", "pk": 22, "fields": {"name": "Can add group", "content_type": 8, "codename": "add_group"}}, {"model": "auth.permission", "pk": 23, "fields": {"name": "Can change group", "content_type": 8, "codename": "change_group"}}, {"model": "auth.permission", "pk": 24, "fields": {"name": "Can delete group", "content_type": 8, "codename": "delete_group"}}, {"model": "auth.permission", "pk": 25, "fields": {"name": "Can add log entry", "content_type": 9, "codename": "add_logentry"}}, {"model": "auth.permission", "pk": 26, "fields": {"name": "Can change log entry", "content_type": 9, "codename": "change_logentry"}}, {"model": "auth.permission", "pk": 27, "fields": {"name": "Can delete log entry", "content_type": 9, "codename": "delete_logentry"}}, {"model": "auth.permission", "pk": 28, "fields": {"name": "Can add group", "content_type": 10, "codename": "add_group"}}, {"model": "auth.permission", "pk": 29, "fields": {"name": "Can change group", "content_type": 10, "codename": "change_group"}}, {"model": "auth.permission", "pk": 30, "fields": {"name": "Can delete group", "content_type": 10, "codename": "delete_group"}}, {"model": "auth.permission", "pk": 31, "fields": {"name": "Can add permission", "content_type": 11, "codename": "add_permission"}}, {"model": "auth.permission", "pk": 32, "fields": {"name": "Can change permission", "content_type": 11, "codename": "change_permission"}}, {"model": "auth.permission", "pk": 33, "fields": {"name": "Can delete permission", "content_type": 11, "codename": "delete_permission"}}, {"model": "auth.permission", "pk": 34, "fields": {"name": "Can add user", "content_type": 12, "codename": "add_user"}}, {"model": "auth.permission", "pk": 35, "fields": {"name": "Can change user", "content_type": 12, "codename": "change_user"}}, {"model": "auth.permission", "pk": 36, "fields": {"name": "Can delete user", "content_type": 12, "codename": "delete_user"}}, {"model": "auth.permission", "pk": 37, "fields": {"name": "Can add content type", "content_type": 13, "codename": "add_contenttype"}}, {"model": "auth.permission", "pk": 38, "fields": {"name": "Can change content type", "content_type": 13, "codename": "change_contenttype"}}, {"model": "auth.permission", "pk": 39, "fields": {"name": "Can delete content type", "content_type": 13, "codename": "delete_contenttype"}}, {"model": "auth.permission", "pk": 40, "fields": {"name": "Can add session", "content_type": 14, "codename": "add_session"}}, {"model": "auth.permission", "pk": 41, "fields": {"name": "Can change session", "content_type": 14, "codename": "change_session"}}, {"model": "auth.permission", "pk": 42, "fields": {"name": "Can delete session", "content_type": 14, "codename": "delete_session"}}, {"model": "auth.user", "pk": 1, "fields": {"password": "pbkdf2_sha256$30000$7vBPUQWuGxlX$i0+vISEvezVu2WFjjrfM32lZQLdR1M7C4KKGuF/ras4=", "last_login": "2016-12-06T07:00:10.105Z", "is_superuser": false, "username": "User1", "first_name": "", "last_name": "", "email": "", "is_staff": false, "is_active": true, "date_joined": "2016-12-06T06:38:38.053Z", "groups": [], "user_permissions": []}}, {"model": "auth.user", "pk": 2, "fields": {"password": "pbkdf2_sha256$30000$VazM4odLaVLy$zqLHiKbym/QdQfiQhIavJZjfxoawAxE9ncXRxMQj/vA=", "last_login": "2016-12-06T06:57:18.501Z", "is_superuser": false, "username": "User2", "first_name": "", "last_name": "", "email": "", "is_staff": false, "is_active": true, "date_joined": "2016-12-06T06:55:13.801Z", "groups": [], "user_permissions": []}}, {"model": "todolist.habit", "pk": 1, "fields": {"name": "Pushups", "startdate": "2016-12-07", "enddate": "2017-02-22", "monday": "2", "tuesday": "2", "wednesday": "2", "thursday": "2", "friday": "2", "saturday": "2", "sunday": "2", "successes": 3, "fails": 1, "created_by": 1, "passthrough": true, "viewable_by_friends": true}}, {"model": "todolist.habit", "pk": 2, "fields": {"name": "Gym", "startdate": "2016-12-01", "enddate": "2017-04-01", "monday": "0", "tuesday": "1", "wednesday": "0", "thursday": "1", "friday": "0", "saturday": "0", "sunday": "1", "successes": 4, "fails": 1, "created_by": 2, "passthrough": true, "viewable_by_friends": true}}, {"model": "todolist.extenduser", "pk": 1, "fields": {"user": 1, "friends": [2], "requests": [], "groupInvites": []}}, {"model": "todolist.extenduser", "pk": 2, "fields": {"user": 2, "friends": [1], "requests": [], "groupInvites": []}}, {"model": "todolist.grouptask", "pk": 1, "fields": {"name": "Presentation", "parent": null, "created_by": 1, "completed": true, "duedate": null, "urgent": false, "important": false, "description": "", "group": 1, "lft": 1, "rght": 4, "tree_id": 1, "level": 0, "assignees": []}}, {"model": "todolist.grouptask", "pk": 2, "fields": {"name": "Poster", "parent": null, "created_by": 1, "completed": false, "duedate": null, "urgent": false, "important": false, "description": "", "group": 1, "lft": 1, "rght": 2, "tree_id": 4, "level": 0, "assignees": []}}, {"model": "todolist.grouptask", "pk": 3, "fields": {"name": "Feature List", "parent": null, "created_by": 1, "completed": true, "duedate": null, "urgent": false, "important": false, "description": "", "group": 1, "lft": 1, "rght": 2, "tree_id": 2, "level": 0, "assignees": []}}, {"model": "todolist.grouptask", "pk": 4, "fields": {"name": "Write up", "parent": 1, "created_by": 1, "completed": true, "duedate": null, "urgent": false, "important": false, "description": "", "group": 1, "lft": 2, "rght": 3, "tree_id": 1, "level": 1, "assignees": []}}, {"model": "todolist.grouptask", "pk": 5, "fields": {"name": "Feature 1", "parent": 7, "created_by": 1, "completed": false, "duedate": "2016-12-14", "urgent": false, "important": true, "description": "", "group": 1, "lft": 2, "rght": 3, "tree_id": 5, "level": 1, "assignees": [1]}}, {"model": "todolist.grouptask", "pk": 6, "fields": {"name": "Feature 2", "parent": 7, "created_by": 1, "completed": false, "duedate": "2016-12-14", "urgent": false, "important": true, "description": "", "group": 1, "lft": 4, "rght": 5, "tree_id": 5, "level": 1, "assignees": [2]}}, {"model": "todolist.grouptask", "pk": 7, "fields": {"name": "Implementation", "parent": null, "created_by": 1, "completed": false, "duedate": null, "urgent": false, "important": false, "description": "", "group": 1, "lft": 1, "rght": 6, "tree_id": 5, "level": 0, "assignees": []}}, {"model": "todolist.group", "pk": 1, "fields": {"name": "CMPT470 Project", "owner": 1, "admins": [], "members": [1, 2], "requestsToJoin": []}}, {"model": "todolist.taskp", "pk": 1, "fields": {"name": "Essay", "parent": null, "created_by": 1, "completed": false, "duedate": "2016-12-30", "urgent": false, "important": true, "description": "Write an essay for some writing course.\r\n\r\nGrading scheme: https://canvas.sfu.ca/", "public": true, "lft": 1, "rght": 18, "tree_id": 1, "level": 0}}, {"model": "todolist.taskp", "pk": 2, "fields": {"name": "Explore Topics", "parent": 1, "created_by": 1, "completed": true, "duedate": "2016-12-09", "urgent": true, "important": true, "description": "", "public": true, "lft": 2, "rght": 5, "tree_id": 1, "level": 1}}, {"model": "todolist.taskp", "pk": 3, "fields": {"name": "Pick a Topic", "parent": 2, "created_by": 1, "completed": true, "duedate": "2016-12-12", "urgent": true, "important": true, "description": "", "public": true, "lft": 3, "rght": 4, "tree_id": 1, "level": 2}}, {"model": "todolist.taskp", "pk": 4, "fields": {"name": "Plan outline", "parent": 1, "created_by": 1, "completed": false, "duedate": "2016-12-14", "urgent": false, "important": false, "description": "", "public": true, "lft": 6, "rght": 9, "tree_id": 1, "level": 1}}, {"model": "todolist.taskp", "pk": 5, "fields": {"name": "Research 3 arguments", "parent": 4, "created_by": 1, "completed": false, "duedate": "2016-12-16", "urgent": false, "important": false, "description": "", "public": true, "lft": 7, "rght": 8, "tree_id": 1, "level": 2}}, {"model": "todolist.taskp", "pk": 6, "fields": {"name": "Write Intro", "parent": 1, "created_by": 1, "completed": false, "duedate": null, "urgent": false, "important": true, "description": "", "public": true, "lft": 10, "rght": 11, "tree_id": 1, "level": 1}}, {"model": "todolist.taskp", "pk": 7, "fields": {"name": "Write Body", "parent": 1, "created_by": 1, "completed": false, "duedate": null, "urgent": false, "important": true, "description": "", "public": true, "lft": 12, "rght": 13, "tree_id": 1, "level": 1}}, {"model": "todolist.taskp", "pk": 8, "fields": {"name": "Write Conclusion", "parent": 1, "created_by": 1, "completed": false, "duedate": null, "urgent": false, "important": false, "description": "", "public": true, "lft": 14, "rght": 15, "tree_id": 1, "level": 1}}, {"model": "todolist.taskp", "pk": 9, "fields": {"name": "Bibliography", "parent": 1, "created_by": 1, "completed": false, "duedate": null, "urgent": false, "important": false, "description": "", "public": true, "lft": 16, "rght": 17, "tree_id": 1, "level": 1}}, {"model": "todolist.taskp", "pk": 10, "fields": {"name": "CMPT Assignment 3", "parent": null, "created_by": 1, "completed": false, "duedate": null, "urgent": true, "important": true, "description": "", "public": true, "lft": 1, "rght": 2, "tree_id": 2, "level": 0}}, {"model": "todolist.taskp", "pk": 11, "fields": {"name": "Driving Test", "parent": null, "created_by": 2, "completed": false, "duedate": "2016-12-29", "urgent": false, "important": true, "description": "", "public": true, "lft": 1, "rght": 2, "tree_id": 3, "level": 0}}]